iter	MultiClass
0	0.513455431
1	0.5130701683
2	0.5129036516
3	0.5127916858
4	0.5125692199
5	0.5125522033
6	0.5124540721
7	0.512368208
8	0.51213865
9	0.5117007489
